"","X","SINCERE_MAX2","STRATEGIC_MAX2","n","percent"
"1",1,0,0,239,0.0591877166914314
"2",2,0,1,370,0.0916295195641407
"3",3,1,0,780,0.193164933135215
"4",4,1,1,2649,0.656017830609212
